"SamplingEvent","Date","Julian","Year","Month","TideSeries","Site","Net","NetReclass","Agonidae spp.","Ammodytes sp.","Artedius sp.","Blepsias sp.","Clinocottus sp.","Clupea sp.","Enophrys sp.","Gadus sp.","Gasterosteus sp.","Gymnocanthus sp.","Hexagrammidae sp. (non-Ophiodon)","Hypomesus sp.","Lepidopsetta sp.","Leptocottus sp.","Limanda sp.","Liparidae sp.","Lumpenus sp.","Lyopsetta sp.","Mallotus sp.","Myoxocephalus sp.","Oligocottus sp.","Oncorhynchus sp.","Ophiodon sp.","Pholis sp.","Platichthys sp.","Pleuronectes sp.","Salvelinus sp.","Stichaeus sp.","Thaleichthys sp.","Trichodon sp.","TotalN","SppRichness"
"2013-07-11 CC Bergstrom",2013-07-11,192,2013,7,"Jul_1","CC","Bergstrom","White",0,0,0,0,0,0,0,0,0,0,0,0,0,0.277777777777778,0,0,0,0,0,0,0,0,0.0555555555555556,0,0.5,0,0.166666666666667,0,0,0,1,0.388888888888889
"2013-08-22 BB Bergstrom",2013-08-22,234,2013,8,"Aug_2","BB","Bergstrom","White",0,0,0,0,0,0,0,0,0,0,0,0,0,0.333333333333333,0,0,0,0,0,0,0,0,0,0,0,0,0,0,0,0,0.333333333333333,0.166666666666667
"2013-08-22 ER Beaudreau",2013-08-22,234,2013,8,"Aug_2","ER","White","White",0,0,0,0,0,0,0,0,0,0,0,0,0,1.03333333333333,0,0,0,0,0,0,0,4.66666666666667,0,0,1.36666666666667,0,0,0,0,0,7.06666666666667,0.7
"2013-08-23 CC Beaudreau",2013-08-23,235,2013,8,"Aug_2","CC","White","White",0,0,0,0,0,3.51587301587302,0,0,0,0,0,0,0.111111111111111,0.444444444444444,0,0,0,0,0,0,0,0,0,0,0.388888888888889,0,0,0,0,0,4.46031746031746,0.325396825396825
"2013-09-18 MR Beaudreau",2013-09-18,261,2013,9,"Sep_2","MR","White","White",0,0,0,0,0,0,0.6,0,0,0,0,0,0.0555555555555556,3.97777777777778,0,0,0,0,0,0.0666666666666667,0,0,0,0,0.366666666666667,0,0.0555555555555556,0,0,0,5.12222222222222,0.622222222222222
"2013-09-19 ER Beaudreau",2013-09-19,262,2013,9,"Sep_2","ER","White","White",0,0,0,0,0,0,0,0,0,0,0,0,0.483333333333333,2.76111111111111,0,0,0,0,0,0.0666666666666667,0,0.0833333333333333,0,0,5.38888888888889,0,0.166666666666667,0,0,0,8.95,0.905555555555556
"2013-09-21 CC Beaudreau",2013-09-21,264,2013,9,"Sep_2","CC","White","White",0,0,0,0,0,2.18244949494949,0.0892857142857143,0,0,0,0,0,0.422799422799423,0.129238816738817,0,0,0,0,0,0.0902777777777778,0,0,0,0,0.363455988455988,0,0,0,0.111111111111111,0,3.38861832611833,0.753066378066378
"2014-04-16 ER Beaudreau",2014-04-16,106,2014,4,"Apr_2","ER","Black","Black",0,0,0,0,0,0,0,0,0,0,0,0,0.0357142857142857,0.397278911564626,0,0,0,0,0,0,0,0.0775510204081633,0,0,1.10680272108844,0,0,0,0,0,1.61734693877551,0.349319727891156
"2014-04-17 MR Beaudreau",2014-04-17,107,2014,4,"Apr_2","MR","Black","Black",0.0285714285714286,0,0.0285714285714286,0,0,0,0,0,0,0,0,0,0.0857142857142857,1.35238095238095,0,0,0,0,0,0.0333333333333333,0,0.176190476190476,0,0.20952380952381,3.97142857142857,0,0.128571428571429,0,0,0,6.01428571428571,0.695238095238095
"2014-04-18 CC Beaudreau",2014-04-18,108,2014,4,"Apr_2","CC","Black","Black",0,0,0,0,0,0,0.0238095238095238,0,0,0,0,0,0.0714285714285714,0.147619047619048,0,0,0,0,0,0.0571428571428571,0,0.340136054421769,0,0,0.272619047619048,0,0,0,0,0,0.912755102040816,0.350170068027211
"2014-05-13 ER Beaudreau",2014-05-13,133,2014,5,"May_1","ER","Black","Black",0,0,0,0,0,0,0,0,0,0,0,0,0.785714285714286,4.25,0.0714285714285714,0,0,0,0,0,0,1.17857142857143,0,0,3.14285714285714,0,1.42857142857143,0,0,0,10.8571428571429,0.761904761904762
"2014-05-14 MR Beaudreau",2014-05-14,134,2014,5,"May_1","MR","Black","Black",0,0,0,0,0,0,0,0,0,0,0,0,0.277777777777778,11.8888888888889,0,0,0.166666666666667,0,0,0,0,1.22222222222222,0,0.166666666666667,7.33333333333333,0,0,0,0,0,21.0555555555556,0.666666666666667
"2014-05-15 CC Beaudreau",2014-05-15,135,2014,5,"May_1","CC","Black","Black",0,0,0,0,0,0,0,0,0,0,0,0,0.452651515151515,0.214015151515151,0,0,0,0,0,0.0555555555555556,0,0.142361111111111,0,0.368371212121212,2.30555555555556,0,0.03125,0,0,0,3.5697601010101,0.458964646464646
"2014-05-30 BB Bergstrom",2014-05-30,150,2014,5,"May_2","BB","Bergstrom","White",0,0,0,0,0,14.5,0,0,0,0,0.166666666666667,0,0.5,2.66666666666667,12.3333333333333,0,0.166666666666667,0,0,0,0,1.5,0,0,2.83333333333333,0,9,0,3.33333333333333,0,47,1.66666666666667
"2014-06-12 CC Beaudreau",2014-06-12,163,2014,6,"Jun_1","CC","Black","Black",1.54285714285714,0,0,0,0,0,0,0,0,0,0,0,0.59047619047619,0.4,0.447619047619048,0,3.61904761904762,0,0,0.59047619047619,0,1.86666666666667,0,0.247619047619048,3.71428571428571,0,11.8095238095238,0,0,0,24.8285714285714,1.26666666666667
"2014-06-13 ER Beaudreau",2014-06-13,164,2014,6,"Jun_1","ER","Black","Black",0,0,0,0,0,0,0,0,0.0666666666666667,0,0,0,0.855555555555556,2.87777777777778,0.111111111111111,0,0.272222222222222,0,0.416666666666667,0.0555555555555556,0,19.8444444444444,0,0.344444444444444,2.38333333333333,0,1.51666666666667,0,0,0,28.7444444444444,1.56111111111111
"2014-06-16 BB Bergstrom",2014-06-16,167,2014,6,"Jun_1","BB","Bergstrom","White",0,0,0,0,0,0,0,0,0,0,0,0,0,4.5,9.33333333333333,0,0.333333333333333,0,4.16666666666667,0,0,0.166666666666667,0,0,4.5,0,2.33333333333333,0,0,0,25.3333333333333,1.16666666666667
"2014-06-16 MR Beaudreau",2014-06-16,167,2014,6,"Jun_1","MR","Black","Black",0.1,0,0,0.05,0,0.05,0,0,0.05,0,0.1,0,0.1625,16.95,0.0625,0.0833333333333333,0.3,0,0,0,0,2.25833333333333,0,0.233333333333333,3.50833333333333,0,0.1,0,0,0,24.0083333333333,1.72916666666667
"2014-06-19 CC Bergstrom",2014-06-19,170,2014,6,"Jun_1","CC","Bergstrom","White",0.111111111111111,0,0,0,0,0,0,0,0.0555555555555556,0,0,0,0,0.555555555555556,0,0,0,0,0,1.22222222222222,0,0.111111111111111,0,0.111111111111111,0.722222222222222,0,1.27777777777778,0,0,0,4.16666666666667,0.888888888888889
"2014-06-27 SaC Bergstrom",2014-06-27,178,2014,6,"Jun_2","SaC","Bergstrom","White",0.0833333333333333,0,0,0.333333333333333,0.166666666666667,0,0.0833333333333333,0,0,0,0.166666666666667,0,0.0833333333333333,2.08333333333333,0,0,0,0,0,0.916666666666667,0,0.0833333333333333,0,2.5,1.66666666666667,0,1.83333333333333,0,0,0,10,1.58333333333333
"2014-06-28 CC Bergstrom",2014-06-28,179,2014,6,"Jun_2","CC","Bergstrom","White",6.33333333333333,0,0,0.5,0,0,0,0,0,0,0.166666666666667,0,0.666666666666667,0.333333333333333,0.166666666666667,0,0.333333333333333,0,0,4.66666666666667,0,0,0,0.166666666666667,1,0,11.5,0,0,0,25.8333333333333,1.83333333333333
"2014-07-11 SaC Bergstrom",2014-07-11,192,2014,7,"Jul_1","SaC","Bergstrom","White",0.0833333333333333,0,0,1.08333333333333,0,0,0,0,0,0,0.0833333333333333,0,0,0.583333333333333,0.0833333333333333,0,0,0,0,1.66666666666667,0,0,0,2,2.25,0,0.416666666666667,0,0,0,8.25,1.25
"2014-07-14 ER Beaudreau",2014-07-14,195,2014,7,"Jul_1","ER","Black","Black",0.133333333333333,0,0,0.466666666666667,0,0,0,0,0,0,0,0,0.933333333333333,6.73333333333333,0.2,0,0.333333333333333,0.2,0,2.4,0,0.2,0,0.866666666666667,8.26666666666667,0,1.53333333333333,0,0,0,22.2666666666667,1.86666666666667
"2014-07-15 MR Beaudreau",2014-07-15,196,2014,7,"Jul_1","MR","Black","Black",0.666666666666667,0.0555555555555556,0,0,0,0,0,0,0.0555555555555556,0,0,0,0.0555555555555556,28.2222222222222,0.0555555555555556,0.0555555555555556,7.77777777777778,0,0,0.166666666666667,0.111111111111111,0.333333333333333,0,0.277777777777778,3.83333333333333,0,0.111111111111111,0,0,0,41.7777777777778,1.33333333333333
"2014-07-16 CC Beaudreau",2014-07-16,197,2014,7,"Jul_1","CC","Black","Black",2.5,0,0,0,0,0,0.283333333333333,0,0,0,0,0,1.36666666666667,1.86666666666667,0.441666666666667,0.0416666666666667,0.508333333333333,0,0,5.15833333333333,0,0.0416666666666667,0,0.416666666666667,6.35833333333333,0,1.59166666666667,0,0,0,20.575,1.54166666666667
"2014-08-11 ER Beaudreau",2014-08-11,223,2014,8,"Aug_1","ER","Black","Black",0.222222222222222,0.0555555555555556,0,0.0555555555555556,0,0,0,0.166666666666667,0.037037037037037,0,0,0,0.703703703703704,11.7407407407407,1.03703703703704,0,5.57407407407407,0.166666666666667,0,0.111111111111111,0,0.0555555555555556,0,0,10.1481481481481,0,0.240740740740741,0,0,0,30.3148148148148,1.40740740740741
"2014-08-12 CC Beaudreau",2014-08-12,224,2014,8,"Aug_1","CC","Black","Black",0.0555555555555556,0,0,0,0,0,0.122222222222222,0,0,0,0,0,0,1.44444444444444,0,0.0555555555555556,0.0555555555555556,0,0,5.11111111111111,0,0,0,0.355555555555556,6.07777777777778,0,0.311111111111111,0,0,0,13.5888888888889,1.12222222222222
"2014-08-13 MR Beaudreau",2014-08-13,225,2014,8,"Aug_1","MR","Black","Black",0.28,0,0,0,0,0.45,0.08,0,0.04,0,0,0,0.0666666666666667,14.28,0,0,0.166666666666667,0,0,0.22,0,0.25,0,0.13,5.12333333333333,0,0.04,0,0,0,21.1266666666667,1.05
"2014-09-08 ER Beaudreau",2014-09-08,251,2014,9,"Sep_1","ER","Black","Black",0.944444444444445,0,0,0,0,0,0,0,0,0,0,0,5.27777777777778,3.05555555555556,3.05555555555556,0,0.444444444444444,0,0,0,0,0.277777777777778,0,0.0555555555555556,6.72222222222222,0,0,0,0,0,19.8333333333333,1.16666666666667
"2014-09-09 MR Beaudreau",2014-09-09,252,2014,9,"Sep_1","MR","Black","Black",0.466666666666667,0,0,0,0,0,0.69047619047619,0,0.0238095238095238,0,0,0,0.514285714285714,9.35714285714286,0,0,0,0,0,0.223809523809524,0.0857142857142857,0.0285714285714286,0,0.0857142857142857,6.67619047619048,0,0,0,0,0,18.152380952381,1.01428571428571
"2014-09-10 CC Beaudreau",2014-09-10,253,2014,9,"Sep_1","CC","Black","Black",0.04,0,0,0,0,0,0.0333333333333333,0,0,0,0,0,0.666666666666667,2.26,0,0,0,0,0,0.113333333333333,0,0,0,0.0333333333333333,2.28666666666667,0,0.173333333333333,0,0,0,5.60666666666667,0.813333333333333
"2015-05-21 ER Beaudreau",2015-05-21,141,2015,5,"May_2","ER","Black","Black",0,0,0,0,0,0,0,0,0,0,0,0,0.2,6.3,0.2,0,0,0,0,0,0,23.6,0,0,9.4,0,10.3,0,0.4,0,50.4,1.3
"2015-06-05 ER Bergstrom",2015-06-05,156,2015,6,"Jun_1","ER","Bergstrom","White",0,0,0,0,0,0,0,0,0,0,0,0,2.16666666666667,2.5,0.833333333333333,0,0.166666666666667,0,10.6666666666667,0,0,1.16666666666667,0,0.166666666666667,8,0,0,0,0,0,25.6666666666667,1.33333333333333
"2015-06-18 CC Bergstrom",2015-06-18,169,2015,6,"Jun_1","CC","Bergstrom","White",0,0,0,0,0,0,0.166666666666667,0,0,0,0,0,0,0.416666666666667,0,0,2.5,0,0,0.833333333333333,0,0,0,0.166666666666667,1.25,0,1.08333333333333,0,0,0,6.41666666666667,1.16666666666667
"2015-06-19 MR Bergstrom",2015-06-19,170,2015,6,"Jun_1","MR","Bergstrom","White",0,0,0,0,0,0,0,0,0,0,0,0,0,15.9166666666667,0,0,0.166666666666667,0,0,0.0833333333333333,0.166666666666667,0.166666666666667,0,0.583333333333333,1.25,0,0,0,0,0,18.3333333333333,1
"2015-08-15 ER Bergstrom",2015-08-15,227,2015,8,"Aug_2","ER","Bergstrom","White",0,0,0,0.166666666666667,0,0,0,0,0,0,0,0,2.16666666666667,17.1666666666667,2.16666666666667,0,1,0,0,0,0,0,0,0,4.5,0.166666666666667,0,0,0,0,27.3333333333333,1.16666666666667
"2015-08-16 MR Bergstrom",2015-08-16,228,2015,8,"Aug_2","MR","Bergstrom","White",0,0.166666666666667,0,0,0,0,0,0,0,0,0,0,0.666666666666667,12,0,0,0,0,0.666666666666667,0.166666666666667,0.333333333333333,0,0,0,5.66666666666667,0,0,0,0,0,19.6666666666667,1.16666666666667
"2016-05-06 ER Beaudreau",2016-05-06,127,2016,5,"May_1","ER","Black","Black",0,0,0,0,0,0,0.0476190476190476,0,0,0,0,0,0.46031746031746,1.04761904761905,0,0,0,0,0,0,0,0.825396825396825,0,0,7.79365079365079,0,1.45238095238095,0,0,0,11.6269841269841,0.785714285714286
"2016-05-06 ER Beaudreau",2016-05-06,127,2016,5,"May_1","ER","White","White",0,0,0,0,0,0,0,0,0,0,0,0,0.111111111111111,0.522222222222222,0,0,0,0,0,0,0,1.13333333333333,0,0,2.61111111111111,0,0.977777777777778,0,0,0,5.35555555555556,0.766666666666667
"2016-05-07 CC Beaudreau",2016-05-07,128,2016,5,"May_1","CC","Black","Black",0,0,0,0,0,0,0.0833333333333333,0,0,0,0.0833333333333333,0,0,0,0,0.0833333333333333,0,0,0,0.0833333333333333,0,0.520833333333333,0,0.0833333333333333,1.72916666666667,0,0.1875,0,0,0,2.85416666666667,0.770833333333333
"2016-05-07 CC Beaudreau",2016-05-07,128,2016,5,"May_1","CC","White","White",0,0.0952380952380952,0,0,0,0,0,0,0,0,0,0,0,0,0,0,0,0,0,0,0,0.466666666666667,0,0,0.447619047619048,0,0.523809523809524,0,0,0,1.53333333333333,0.466666666666667
"2016-05-08 MR Beaudreau",2016-05-08,129,2016,5,"May_1","MR","Black","Black",0,0,0,0,0,0,0.0833333333333333,0,0.166666666666667,0,0,0,0,0.761904761904762,0,0,0,0,0,0,0,11.3809523809524,0,0.0476190476190476,1.5,0,0.166666666666667,0,0,0,14.1071428571429,0.857142857142857
"2016-05-08 MR Beaudreau",2016-05-08,129,2016,5,"May_1","MR","White","White",0,0,0,0,0,0.2,0,0,0,0,0,0,0,0.4,0,0,0,0,0,0,0,10.2,0,0,1.93333333333333,0,0.6,0,0,0,13.3333333333333,0.666666666666667
"2016-05-09 ShC Beaudreau",2016-05-09,130,2016,5,"May_1","ShC","Black","Black",0,0,0,0,0,0,0,0,0,0,0,0,0,0.4,0,0,0,0,0,0,0,11.6,0,0,6.8,0,0,0,0,0,18.8,0.6
"2016-05-09 ShC Beaudreau",2016-05-09,130,2016,5,"May_1","ShC","White","White",0,0,0,0,0,0,0,0,0,0,0,0,0,0.125,0,0,0,0,0,0,0,24.6,0,0,2.3,0,0,0,0,0,27.025,0.45
"2016-05-21 ER Beaudreau",2016-05-21,142,2016,5,"May_2","ER","Black","Black",0,0,0,0,0,0,0,0,0,0,0,0,0.714285714285714,1.04761904761905,0.142857142857143,0,0.0952380952380952,0,0,0,0,2.28571428571429,0,0,2.14285714285714,0,0.0476190476190476,0,0,0,6.47619047619048,0.714285714285714
"2016-05-21 ER Beaudreau",2016-05-21,142,2016,5,"May_2","ER","White","White",0.037037037037037,0,0,0,0,0,0,0,0,0,0,0,0.333333333333333,1.08465608465608,0.0846560846560847,0,0,0,0,0,0,0.835978835978836,0,0,3.11640211640212,0,0.142857142857143,0,0,0,5.63492063492064,0.613756613756614
"2016-05-22 CC Beaudreau",2016-05-22,143,2016,5,"May_2","CC","Black","Black",0,0,0,0,0,0,0,0,0,0,0,0,0,0.25,0,0,0,0,0,0,0,28.3888888888889,0,0.111111111111111,0.944444444444444,0,2.27777777777778,0,0,0,31.9722222222222,0.722222222222222
"2016-05-22 CC Beaudreau",2016-05-22,143,2016,5,"May_2","CC","White","White",0,0,0,0,0,0,0,0,0,0,0,0,0,0,0,0,0,0,0,0,0,6.57142857142857,0,0,0.142857142857143,0,0,0,0,0,6.71428571428571,0.285714285714286
"2016-05-23 MR Beaudreau",2016-05-23,144,2016,5,"May_2","MR","Black","Black",0,0,0,0,0,0.428571428571429,0,0,0,0,0,0,0.928571428571429,4.64285714285714,0.0714285714285714,0,0.25,0,0.0714285714285714,0.0714285714285714,0,55.5,0,0.571428571428571,3.5,0,0.821428571428571,0,0,0,66.8571428571429,2.21428571428571
"2016-05-23 MR Beaudreau",2016-05-23,144,2016,5,"May_2","MR","White","White",0,0,0,0,0,0,0,0,0,0,0,0,0,13.25,0,0,1.375,0.25,0,0.25,0,9.25,0,0,10.25,0,0.25,0,0,0,34.875,2.125
"2016-05-24 ShC Beaudreau",2016-05-24,145,2016,5,"May_2","ShC","Black","Black",0,0,0,0,0,0,0,0,0.111111111111111,0,0,0,0.388888888888889,5.16666666666667,0,0,0,0,0,0,0,7.22222222222222,0,0,3.55555555555556,0,0.833333333333333,0,0,0,17.2777777777778,1.66666666666667
"2016-05-24 ShC Beaudreau",2016-05-24,145,2016,5,"May_2","ShC","White","White",0,0,0,0,0,0,0,0,0.1,0,0,0,0.166666666666667,6.3,0,0,0,0,0,0,0,11.7333333333333,0,0,3.43333333333333,0,0,0,0,0,21.7333333333333,1.06666666666667
"2016-06-04 ER Beaudreau",2016-06-04,156,2016,6,"Jun_1","ER","Black","Black",0.0476190476190476,0.0476190476190476,0,0.142857142857143,0,0,0,0,0,0,0,0,1.60714285714286,3.4047619047619,0.25,0.0476190476190476,1.25,0,0,0,0,0.142857142857143,0,0.238095238095238,6.16666666666667,0,2.51190476190476,0,0,0,15.8571428571429,1.30952380952381
"2016-06-04 ER Beaudreau",2016-06-04,156,2016,6,"Jun_1","ER","White","White",0,0,0,0,0,0,0,0,0,0,0,0,0.857142857142857,5.14285714285714,0.285714285714286,0,0.642857142857143,0,0,0,0,0.0714285714285714,0,0,7.5,0,0.714285714285714,0,0,0,15.2142857142857,0.857142857142857
"2016-06-05 CC Beaudreau",2016-06-05,157,2016,6,"Jun_1","CC","Black","Black",0.0666666666666667,0,0,0,0,0,0.114285714285714,0,0.0476190476190476,0,0,0,0.2,0.704761904761905,0,0.19047619047619,0.142857142857143,0,0,0.0476190476190476,0,0.19047619047619,0,0.571428571428571,6.44761904761905,0,1.18095238095238,0,0,0,9.90476190476191,1.01904761904762
"2016-06-05 CC Beaudreau",2016-06-05,157,2016,6,"Jun_1","CC","White","White",0.0416666666666667,0,0,0,0,0,0.317857142857143,0,0.0416666666666667,0,0,0,0.0833333333333333,2.23095238095238,0.0416666666666667,0.0416666666666667,5.08333333333333,0,0,0.0892857142857143,0,0,0,0.125,6.15119047619048,0,0.714285714285714,0.0416666666666667,0,0,15.0035714285714,1.0047619047619
"2016-06-06 MR Beaudreau",2016-06-06,158,2016,6,"Jun_1","MR","Black","Black",0.111111111111111,0,0,0,0,0.222222222222222,0.0555555555555556,0,0,0,0,0,0.0555555555555556,10.6111111111111,0,0,0.333333333333333,0,0,0,0,17.6111111111111,0,0.0555555555555556,3.94444444444444,0,0.277777777777778,0,0,0,33.2777777777778,0.944444444444444
"2016-06-06 MR Beaudreau",2016-06-06,158,2016,6,"Jun_1","MR","White","White",0,0,0,0,0,0.0833333333333333,0,0,0.1,0,0,0,0,9.01666666666667,0,0.0833333333333333,0.5,0,0,0,0,0.9,0,0.1,1.36666666666667,0,0.2,0,0,0,12.35,1.1
"2016-06-07 ShC Beaudreau",2016-06-07,159,2016,6,"Jun_1","ShC","Black","Black",0,0,0,0,0,0,0,0,0,0,0,0,0,11.8833333333333,0,0,0,0,0,0,0,8.92222222222222,0,0,2.48888888888889,0,0.555555555555556,0,0,0,23.85,0.672222222222222
"2016-06-07 ShC Beaudreau",2016-06-07,159,2016,6,"Jun_1","ShC","White","White",0,0,0,0,0,0,0,0,0.05,0,0,0,0.0625,7.66428571428571,0,0,0,0,0,0,0,0.660714285714286,0,0,1.92321428571429,0,0.2375,0,0,0,10.5982142857143,0.741071428571429
"2016-06-20 ER Beaudreau",2016-06-20,172,2016,6,"Jun_2","ER","Black","Black",0.277777777777778,0,0,0.0476190476190476,0,0,0.0555555555555556,0,0,0,0,0,0.30952380952381,7.38888888888889,0.0555555555555556,0,0,0,0,0.158730158730159,0,0,0,0,11.6507936507937,0,0.0555555555555556,0,0,0,20,0.904761904761905
"2016-06-20 ER Beaudreau",2016-06-20,172,2016,6,"Jun_2","ER","White","White",0,0,0,0.0476190476190476,0,0,0,0,0,0,0.0476190476190476,0,0,5.72222222222222,0.0476190476190476,0.0476190476190476,0,0,0,0,0,0,0,0,5.55555555555556,0,0.246031746031746,0,0,0,11.7142857142857,0.642857142857143
"2016-06-21 CC Beaudreau",2016-06-21,173,2016,6,"Jun_2","CC","Black","Black",1.85238095238095,0.380952380952381,0,0,0,0,0,0,0,0,0,0,1.76190476190476,3.47301587301587,0.323809523809524,0,0.0476190476190476,0,0,0.995238095238095,0,0,0,0.188888888888889,6.75555555555556,0,2.20952380952381,0,0,0,17.9888888888889,1.23968253968254
"2016-06-21 CC Beaudreau",2016-06-21,173,2016,6,"Jun_2","CC","White","White",0.6,0.1,0,0,0,0,0,0,0,0,0,0,0.6,2.27142857142857,0,0,0,0,0,0,0,0,0,0.1,1.48571428571429,0,2.31428571428571,0,0,0,7.47142857142857,0.914285714285714
"2016-06-21 ER Bergstrom",2016-06-21,173,2016,6,"Jun_2","ER","Bergstrom","White",0.166666666666667,0,0,0,0,0.166666666666667,0,0,0,0,0,0,0,21.6666666666667,0.166666666666667,0,1.66666666666667,0,0,0,0,0.166666666666667,0,0.166666666666667,4.66666666666667,0,0,0,0,0,28.8333333333333,1.33333333333333
"2016-06-22 CC Bergstrom",2016-06-22,174,2016,6,"Jun_2","CC","Bergstrom","White",0.0833333333333333,0,0.0833333333333333,0.0833333333333333,0,0,0.5,0,0,0,0,0,4,1.41666666666667,0,0,0.5,0,0,4.58333333333333,0,0,0,0.25,2.33333333333333,0,0,0,0,0,13.8333333333333,1.41666666666667
"2016-06-22 MR Beaudreau",2016-06-22,174,2016,6,"Jun_2","MR","Black","Black",0.0952380952380952,0,0,0,0,0,0,0,0.103174603174603,0,0,0,0.142857142857143,58.2460317460317,0,0,0.0476190476190476,0,0,0,0,0,0,0.246031746031746,1.63492063492064,0,0,0,0,0,60.515873015873,0.666666666666667
"2016-06-22 MR Beaudreau",2016-06-22,174,2016,6,"Jun_2","MR","White","White",0,0,0,0,0,0,0,0,0,0,0,0,0.25,15.0666666666667,0.1,0,0.166666666666667,0,0,0,0,0,0,0,0.1,0,0,0,0,0,15.6833333333333,0.55
"2016-06-23 MR Bergstrom",2016-06-23,175,2016,6,"Jun_2","MR","Bergstrom","White",0,0,0,0,0,0,0,0,0,0,0,0,0,29.8333333333333,0.25,0,0,0,0,0.166666666666667,0,0,0,0.166666666666667,0.333333333333333,0,0,0,0,0,30.75,0.833333333333333
"2016-06-23 ShC Beaudreau",2016-06-23,175,2016,6,"Jun_2","ShC","Black","Black",0,0,0,0,0,0.188888888888889,0,0,0.2,0,0,0,0.0666666666666667,6.55555555555556,0.722222222222222,0,0,0,0,0,0,3.33333333333333,0,0,0.911111111111111,0,0.411111111111111,0,0,0,12.3888888888889,1.07777777777778
"2016-06-23 ShC Beaudreau",2016-06-23,175,2016,6,"Jun_2","ShC","White","White",0,0,0,0,0,0.385714285714286,0,0,0.0357142857142857,0,0,0,0.25,3.85178571428571,1.57142857142857,0,0.45,0,0,0,0,0.228571428571429,0,0,1.3125,0,1.23571428571429,0,0,0,9.32142857142857,1.03928571428571
"2016-07-03 ER Beaudreau",2016-07-03,185,2016,7,"Jul_1","ER","Black","Black",0.277777777777778,2.24444444444444,0,0,0,0.222222222222222,0,0,0,0,0,0.0666666666666667,0.111111111111111,9.9,0.344444444444444,0,1.05555555555556,0,0,0.266666666666667,0,0.466666666666667,0,0,3.81111111111111,0,0.111111111111111,0,0,0,18.8777777777778,1.18888888888889
"2016-07-03 ER Beaudreau",2016-07-03,185,2016,7,"Jul_1","ER","White","White",0,0,0,0,0,0,0,0,0,0,0,0,0.150793650793651,2.79365079365079,0.238095238095238,0,0,0,0,0,0,0.0476190476190476,0,0,3.24603174603175,0,0,0,0,0,6.47619047619048,0.547619047619048
"2016-07-04 CC Beaudreau",2016-07-04,186,2016,7,"Jul_1","CC","Black","Black",0.883333333333333,0.0416666666666667,0,0.108333333333333,0,0.108333333333333,0.605555555555556,0,0,0,0,0,0.0416666666666667,1.61111111111111,0,0.125,0.266666666666667,0,0,2.51666666666667,0,0,0,1.13333333333333,3.775,0,0,0,0,0,11.2166666666667,1.28055555555556
"2016-07-04 CC Beaudreau",2016-07-04,186,2016,7,"Jul_1","CC","White","White",0.0833333333333333,0.6,0,0.1,0,0,0.5,0,0.166666666666667,0,0,0,0.6,7.38333333333333,1,0,0,0,0,0.5,0,0.0833333333333333,0,0,13.5666666666667,0,0.433333333333333,0,0,0,25.0166666666667,1.36666666666667
"2016-07-05 MR Beaudreau",2016-07-05,187,2016,7,"Jul_1","MR","Black","Black",0.198412698412698,0,0,0,0,0.111111111111111,0.0555555555555556,0.111111111111111,0,0,0,0,0,41.8412698412698,0.158730158730159,0,0.222222222222222,0,0,0.111111111111111,0,0.277777777777778,0,0.111111111111111,3.01587301587302,0,0,0,0,0,46.2142857142857,0.968253968253968
"2016-07-05 MR Beaudreau",2016-07-05,187,2016,7,"Jul_1","MR","White","White",0.0555555555555556,0.0476190476190476,0,0,0,0,0.214285714285714,0,0,0,0,0,0,62.7539682539683,0,0,0,0,0,0.222222222222222,0,0.206349206349206,0,0.0476190476190476,2.5,0,0.0555555555555556,0,0,0,66.1031746031746,0.722222222222222
"2016-07-06 ShC Beaudreau",2016-07-06,188,2016,7,"Jul_1","ShC","Black","Black",0,0,0,0,0,0,0,0,0.1,0,0,0,0.4,16.7,0.5,0,0.6,0,0,0,0,0.2,0,0,14.8,0,0.2,0,0,0,33.5,1.3
"2016-07-06 ShC Beaudreau",2016-07-06,188,2016,7,"Jul_1","ShC","White","White",0,0,0,0,0,0.0666666666666667,0.0666666666666667,0,0.0666666666666667,0,0,0,0.15,11.4166666666667,0,0,0,0,0,0.133333333333333,0.0666666666666667,0,0,0.0666666666666667,1.3,0,0.166666666666667,0,0,0,13.5,1.06666666666667
"2016-07-21 ER Bergstrom",2016-07-21,203,2016,7,"Jul_2","ER","Bergstrom","White",0.5,0,0,0,0,0,0,0,0,0,0,0,11.6666666666667,33.8333333333333,0,0,0.166666666666667,0,0,0,0.333333333333333,0.666666666666667,0,0,10.3333333333333,0,0,0,0,0,57.5,1.16666666666667
"2016-08-01 ER Beaudreau",2016-08-01,214,2016,8,"Jul_2","ER","Black","Black",0.19047619047619,0,0,0.0476190476190476,0,1.76190476190476,0,0,0,0,0,0,0.285714285714286,19.4285714285714,0.428571428571429,0,0.142857142857143,0,0,0.0952380952380952,0,0,0,0,4.09523809523809,0,0,0,0,0,26.4761904761905,0.755952380952381
"2016-08-01 ER Beaudreau",2016-08-01,214,2016,8,"Jul_2","ER","White","White",0,0,0,0.0476190476190476,0,3.52380952380952,0,0.0476190476190476,0,0,0,0,0.533333333333333,12.1809523809524,0.0952380952380952,0,0,0,0,0.0666666666666667,0,0.0476190476190476,0,0.0952380952380952,4.53333333333333,0,0,0,0,0,21.1714285714286,0.933333333333333
"2016-08-02 CC Beaudreau",2016-08-02,215,2016,8,"Jul_2","CC","Black","Black",0.5,0,0,0,0,0,0.166666666666667,0,0,0,0,0,0.888888888888889,2.13333333333333,0.277777777777778,0,0,0,0,0.511111111111111,0.166666666666667,0.122222222222222,0,0.0555555555555556,4.31111111111111,0,0.0555555555555556,0,0,0,9.18888888888889,1.15555555555556
"2016-08-02 CC Beaudreau",2016-08-02,215,2016,8,"Jul_2","CC","White","White",1.14285714285714,0,0,0,0,0,0.0416666666666667,0,0.0555555555555556,0,0,0,4.60714285714286,1.625,0.708333333333333,0,0,0,0,0.0833333333333333,0,0,0,0,2.62896825396825,0,0,0,0,0,10.8928571428571,0.654761904761905
"2016-08-03 MR Beaudreau",2016-08-03,216,2016,8,"Jul_2","MR","Black","Black",0.0555555555555556,0,0,0,0,0.0476190476190476,0.0416666666666667,0,0,0,0,0.0416666666666667,0.222222222222222,12.1051587301587,0.222222222222222,0,0,0,0,0,0.0972222222222222,0.0892857142857143,0,0.0555555555555556,1.63888888888889,0,0,0,0,0,14.6170634920635,0.781746031746032
"2016-08-03 MR Beaudreau",2016-08-03,216,2016,8,"Jul_2","MR","White","White",0.222222222222222,0.166666666666667,0,0,0,0.0555555555555556,0,0,0,0,0,0,0,14.5555555555556,0.111111111111111,0,0.0555555555555556,0,0,0,0.0555555555555556,0.0555555555555556,0,0,1.61111111111111,0,0,0,0,0,16.8888888888889,0.666666666666667
"2016-08-04 CC Bergstrom",2016-08-04,217,2016,8,"Jul_2","CC","Bergstrom","White",0.222222222222222,0.166666666666667,0.722222222222222,0,0,0,0.333333333333333,0,0,0,0,0,0.388888888888889,3.22222222222222,0,0,0,0,0,0.222222222222222,0,0,0,0.555555555555556,1.11111111111111,0,0,0.0555555555555556,0,0,7,1.44444444444444
"2016-08-04 ShC Beaudreau",2016-08-04,217,2016,8,"Jul_2","ShC","Black","Black",0.0416666666666667,0,0,0,0,0.0416666666666667,0,0,0,0,0,0,0.375,7.77083333333333,2.14583333333333,0,0,0,0,0,0,0.0625,0,0,1.4375,0,0.0833333333333333,0,0,0,11.9583333333333,0.8125
"2016-08-04 ShC Beaudreau",2016-08-04,217,2016,8,"Jul_2","ShC","White","White",0,0,0,0,0,0,0.214285714285714,0,0,0,0,0,0.142857142857143,9.28571428571428,0.285714285714286,0,0,0,0,0.142857142857143,0.0714285714285714,0,0,0,1.58333333333333,0,0.0714285714285714,0,0,0,11.797619047619,0.738095238095238
"2016-08-05 MR Bergstrom",2016-08-05,218,2016,8,"Jul_2","MR","Bergstrom","White",0,0,0,0,0,0,0,0,0,0,0,0,0,42.6666666666667,0,0,0,0,0,0.166666666666667,0,0.166666666666667,0,0.166666666666667,2.83333333333333,0,0,0,0,0,46,0.833333333333333
"2016-08-30 ER Beaudreau",2016-08-30,243,2016,8,"Aug_2","ER","Black","Black",0,0,0,0.166666666666667,0,0,0,0,0,0,0,0,0.277777777777778,11.2777777777778,0,0,0,0,0,0,0,0,0,0,12.6944444444444,0,0.305555555555556,0,0,0.111111111111111,24.8333333333333,1.22222222222222
"2016-08-31 MR Beaudreau",2016-08-31,244,2016,8,"Aug_2","MR","Black","Black",0.1,0,0,0,0,0,0.1,0,0,0,0,0,0.4,14.15,0,0,0,0,0,0.0833333333333333,0,0.2,0,0.2,7.08333333333333,0,0.1,0,0,0,22.4166666666667,1.05
"2016-08-31 MR Beaudreau",2016-08-31,244,2016,8,"Aug_2","MR","White","White",0,0,0,0,0,0,0,0,0,0,0,0,0,10.2,0,0,0,0,0,0,0,0,0,0,8.6,0,0,0,0,0,18.8,0.4
"2016-09-01 ShC Beaudreau",2016-09-01,245,2016,9,"Aug_2","ShC","Black","Black",0,0,0,0,0,0,0,0,0,0,0,0,0.455555555555556,10.0555555555556,0,0,0,0,0,0,0,0,0,0.0555555555555556,2.33333333333333,0,0.111111111111111,0,0,0,13.0111111111111,0.466666666666667
"2016-09-01 ShC Beaudreau",2016-09-01,245,2016,9,"Aug_2","ShC","White","White",0.0666666666666667,0,0,0,0,0,0,0,0,0,0,0,0.366666666666667,12.8555555555556,0.0666666666666667,0,0,0,0,0.0833333333333333,0,0,0,0,0.261111111111111,0,0.0555555555555556,0,0,0,13.7555555555556,0.833333333333333
"2016-09-02 CC Beaudreau",2016-09-02,246,2016,9,"Aug_2","CC","Black","Black",0.0925925925925926,0,0,0,0,0,0,0,0,0,0,0,0,1.51851851851852,0,0,0,0,0,0,0,0,0,0,1.83333333333333,0.0555555555555556,0,0,0,0,3.5,0.444444444444444
"2016-09-02 CC Beaudreau",2016-09-02,246,2016,9,"Aug_2","CC","White","White",0,0,0,0,0,0,0,0,0,0,0,0,0,2.92063492063492,0,0,0,0,0,0,0,0,0,0,0.53968253968254,0,0,0,0,0,3.46031746031746,0.317460317460317
"2017-04-10 ER Beaudreau",2017-04-10,100,2017,4,"Apr_1","ER","Black","Black",0,0,0,0,0,0,0,0,0,0,0,0,0,0.333333333333333,0,0,0,0,0,0,0,0,0,0,0.611111111111111,0,0,0,0,0,0.944444444444444,0.198412698412698
"2017-04-10 ER Beaudreau",2017-04-10,100,2017,4,"Apr_1","ER","White","White",0.0454545454545455,0,0,0,0,0,0,0,0,0,0,0,0.0625,0.0625,0,0,0,0,0,0,0,0.0625,0,0,0.323863636363636,0,0,0,0,0,0.556818181818182,0.340909090909091
"2017-04-11 CC Beaudreau",2017-04-11,101,2017,4,"Apr_1","CC","Black","Black",0,0,0,0,0,0,0,0,0,0,0,0,0,0,0,0,0,0,0,0,0,0,0,0,1.12380952380952,0,0,0,0,0,1.12380952380952,0.180952380952381
"2017-04-11 CC Beaudreau",2017-04-11,101,2017,4,"Apr_1","CC","White","White",0,0,0,0,0,0,0,0,0,0,0,0,0,0.8,0.1,0,0,0,0,0,0,0,0,0,1.9,0,0,0,0,0,2.8,0.4
"2017-04-12 MR Beaudreau",2017-04-12,102,2017,4,"Apr_1","MR","Black","Black",0,0,0,0,0,0,0.111111111111111,0,0,0,0,0,0.2,2.61111111111111,0,0,0,0,0,0,0.0555555555555556,0.311111111111111,0,0,4.9,0,0,0,0,0,8.18888888888889,0.655555555555556
"2017-04-12 MR Beaudreau",2017-04-12,102,2017,4,"Apr_1","MR","White","White",0,0,0,0,0,0,0,0,0,0,0,1,0.416666666666667,1.58333333333333,0,0,0,0,0,0,0,0.333333333333333,0,0,3.08333333333333,0,0,0,0,0,6.41666666666667,0.583333333333333
"2017-04-13 ShC Beaudreau",2017-04-13,103,2017,4,"Apr_1","ShC","Black","Black",0,0,0,0,0,0,0,0,0,0,0,0,0,1,0,0,0,0,0,0,0,0,0,0,0.7,0,0,0,0,0,1.7,0.3
"2017-04-13 ShC Beaudreau",2017-04-13,103,2017,4,"Apr_1","ShC","White","White",0,0,0,0,0,0,0,0,0,0,0,0,0,0.791666666666667,0,0,0,0,0,0,0,0,0,0,2.41666666666667,0,0,0,0,0,3.20833333333333,0.416666666666667
"2017-04-26 ER Beaudreau",2017-04-26,116,2017,4,"Apr_2","ER","Black","Black",0,0.111111111111111,0,0,0,0,0,0,0,0,0,0,0,0.166666666666667,0,0,0,0,0,0,0,0.5,0,0.0555555555555556,4.03333333333333,0,1.06666666666667,0,0,0,5.93333333333333,0.577777777777778
"2017-04-26 ER Beaudreau",2017-04-26,116,2017,4,"Apr_2","ER","White","White",0,0,0,0,0,0,0,0,0,0,0,0,0,0.0476190476190476,0,0,0,0,0,0,0,0,0,0.0476190476190476,1.12698412698413,0,0.222222222222222,0,0,0,1.44444444444444,0.365079365079365
"2017-04-27 CC Beaudreau",2017-04-27,117,2017,4,"Apr_2","CC","Black","Black",0,0.0555555555555556,0,0,0,0,0,0,0,0,0,0,4.02777777777778,0.416666666666667,0,0,0,0,0,0,0,0,0,0,4.22222222222222,0,0.0833333333333333,0,0,0,8.80555555555556,0.75
"2017-04-27 CC Beaudreau",2017-04-27,117,2017,4,"Apr_2","CC","White","White",0,0,0,0,0,0,0,0,0,0,0,0,0.377777777777778,0.911111111111111,0,0,0,0,0,0,0,0.4,0,0,1.11111111111111,0,0,0,0,0,2.8,0.544444444444445
"2017-04-29 MR Beaudreau",2017-04-29,119,2017,4,"Apr_2","MR","Black","Black",0,0,0.0666666666666667,0,0,0,0.111111111111111,0,0,0,0,0,0,0.377777777777778,0,0,0,0,0,0,0,0.5,0,0,1.24444444444444,0,0.0666666666666667,0,0,0,2.36666666666667,0.6
"2017-04-29 MR Beaudreau",2017-04-29,119,2017,4,"Apr_2","MR","White","White",0,0,0.233333333333333,0,0,0,0,0,0,0,0,0,0,0.236507936507937,0,0,0,0,0,0,0,0.103174603174603,0,0,1.91746031746032,0,0.0555555555555556,0,0,0,2.54603174603175,0.620634920634921
"2017-04-30 ShC Beaudreau",2017-04-30,120,2017,4,"Apr_2","ShC","Black","Black",0,0,0,0,0,0,0,0,0,0,0,0,0.0833333333333333,0.233333333333333,0,0,0,0,0,0.0833333333333333,0,0,0,0,0.816666666666667,0,0,0,0,0,1.21666666666667,0.438888888888889
"2017-04-30 ShC Beaudreau",2017-04-30,120,2017,4,"Apr_2","ShC","White","White",0,0,0,0,0,0,0.1,0,0,0,0,0,0.1,0.85,0,0,0,0,0,0.1,0,2.01666666666667,0,0,1.03333333333333,0,0,0,0,0,4.2,0.85
"2017-05-11 MR Beaudreau",2017-05-11,131,2017,5,"May_1","MR","Black","Black",0,0,0,0,0,0,0,0,0,0,0,0,0.444444444444444,0.811111111111111,0.0555555555555556,0,0,0,0,0,0,6.34444444444444,0,0,2.36666666666667,0,0,0,0,0,10.0222222222222,0.611111111111111
"2017-05-11 MR Beaudreau",2017-05-11,131,2017,5,"May_1","MR","White","White",0,0,0,0,0,0,0,0,0,0,0,0,0.0833333333333333,0,0,0,0,0,0,0,0,1.23333333333333,0,0,0.383333333333333,0,0,0,0,0,1.7,0.45
"2017-05-12 ShC Beaudreau",2017-05-12,132,2017,5,"May_1","ShC","Black","Black",0,0,0,0,0,0,0,0,0,0,0,0.0833333333333333,0.166666666666667,2,0,0,0,0,0,0,0,27.4166666666667,0,0,1.5,0,0.0833333333333333,0,0,0,31.25,0.916666666666667
"2017-05-12 ShC Beaudreau",2017-05-12,132,2017,5,"May_1","ShC","White","White",0,0,0,0,0,0,0,0,0.577777777777778,0,0,0.133333333333333,0,2.3,0,0,0,0,0,0,0,4.76666666666667,0,0,1.26666666666667,0,0.133333333333333,0,0,0,9.17777777777778,0.888888888888889
"2017-05-13 ER Beaudreau",2017-05-13,133,2017,5,"May_1","ER","Black","Black",0,0,0,0,0,0,0,0,0,0,0,0,0.186507936507937,0.367063492063492,0,0,0,0,0,0,0,0.472222222222222,0,0,1.76785714285714,0,0.0555555555555556,0,0,0,2.84920634920635,0.587301587301587
"2017-05-13 ER Beaudreau",2017-05-13,133,2017,5,"May_1","ER","White","White",0,0,0,0,0,0,0,0,0,0,0,0,0.357142857142857,0.166666666666667,0,0,0,0,0,0,0,2.83333333333333,0,0,0.880952380952381,0,0.333333333333333,0,0,0,4.57142857142857,0.476190476190476
"2017-05-14 CC Beaudreau",2017-05-14,134,2017,5,"May_1","CC","Black","Black",0,0.0666666666666667,0,0,0,0,0.380952380952381,0,0.0666666666666667,0,0,0,0.952380952380952,0.114285714285714,0,0,0,0,0,0.0476190476190476,0,0,0,0,3.08730158730159,0,0,0,0,0,4.71587301587302,0.56031746031746
"2017-05-14 CC Beaudreau",2017-05-14,134,2017,5,"May_1","CC","White","White",0,0,0,0,0,0,0.0555555555555556,0,0,0,0,0,0,0,0,0,0,0,0,0,0,0.0555555555555556,0,0,0.777777777777778,0,0,0,0,0,0.888888888888889,0.305555555555556
"2017-05-25 ER Beaudreau",2017-05-25,145,2017,5,"May_2","ER","Black","Black",0,0.1,0,0,0,0,0,0,0,0,0,0,0.2,11.4666666666667,0.1,0,0,0,0,0,0,0.95,0,0,3.31666666666667,0.0833333333333333,0.2,0,0,0,16.4166666666667,1.03333333333333
"2017-05-25 ER Beaudreau",2017-05-25,145,2017,5,"May_2","ER","White","White",0,0,0,0,0,0,0,0,0,0,0,0,0.45,11.2,0,0,0,0,0,0,0,2,0,0,2.55,0,0.1,0,0,0,16.3,1
"2017-05-26 CC Beaudreau",2017-05-26,146,2017,5,"May_2","CC","Black","Black",0,1.02222222222222,0,0,0,0,0.19047619047619,0,0,0,0,0,2.8,0.273015873015873,0,0,0,0,0,0.0666666666666667,0,12.147619047619,0,0,6.5047619047619,0,2.26507936507937,0,0,0,25.2698412698413,0.982539682539682
"2017-05-26 CC Beaudreau",2017-05-26,146,2017,5,"May_2","CC","White","White",0,0,0,0,0,0,0,0,0,0,0,0,0.0666666666666667,0.495238095238095,0,0,0,0,0,0,0,3.6,0,0,2.6,0,0.266666666666667,0,0,0,7.02857142857143,0.647619047619048
"2017-05-27 MR Beaudreau",2017-05-27,147,2017,5,"May_2","MR","Black","Black",0,0.111111111111111,0.222222222222222,0,0,0.666666666666667,0,0,0,0,0,0,0,6.16666666666667,0,0,0,0,0,0,0,61.3611111111111,0,0,2.25,0,0.166666666666667,0,0,0,70.9444444444444,1.19444444444444
"2017-05-27 MR Beaudreau",2017-05-27,147,2017,5,"May_2","MR","White","White",0,0,0,0,0,5.11111111111111,0,0,0,0,0,0,0,21.3611111111111,0,0,0,0,0,0,0,64.3055555555556,0,0,3.83333333333333,0,0.333333333333333,0,0,0,94.9444444444444,1.19444444444444
"2017-05-28 ShC Beaudreau",2017-05-28,148,2017,5,"May_2","ShC","Black","Black",0,0,0,0,0,0,0.125,0,0,0,0,0,0,6.375,0,0,0,0,0,0.125,0,1.25,0,0,4.375,0,0.25,0,0,0,12.5,1.125
"2017-05-28 ShC Beaudreau",2017-05-28,148,2017,5,"May_2","ShC","White","White",0,0,0,0,0,0.166666666666667,0,0,0,0,0,0.166666666666667,0,4.75,0,0,0,0,0,0,0,8.5,0,0,0.125,0,1.29166666666667,0,0,0,15,1.33333333333333
"2017-06-08 ER Beaudreau",2017-06-08,159,2017,6,"Jun_1","ER","Black","Black",0,0.266666666666667,0,0,0,0.2,0,0,0,0,0,1.73333333333333,0,4.8,0,0,0,0,0,0,0,2,0,0,10.5333333333333,0,0.2,0,0,0,19.7333333333333,0.933333333333333
"2017-06-08 ER Beaudreau",2017-06-08,159,2017,6,"Jun_1","ER","White","White",0,0,0,0,0,0,0,0,0,0,0,0.166666666666667,0.0555555555555556,5.16666666666667,0,0,0,0,0,0,0,0.333333333333333,0,0,2.38888888888889,0,0.222222222222222,0,0,0,8.33333333333333,0.555555555555556
"2017-06-09 CC Beaudreau",2017-06-09,160,2017,6,"Jun_1","CC","Black","Black",0.133333333333333,0,0,0,0,0,0,0,0,0,0,0,0.283333333333333,1.13333333333333,0,0,0.0666666666666667,0,0,0.0666666666666667,0,7.44444444444444,0,0,3.88888888888889,0,2.2,0,0,0,15.2166666666667,1.39444444444444
"2017-06-09 CC Beaudreau",2017-06-09,160,2017,6,"Jun_1","CC","White","White",0,0,0,0,0,0,0,0,0,0,0,0,0.0833333333333333,1.60555555555556,0,0,0,0,0,0,0,0.133333333333333,0,0,0.777777777777778,0,2.08333333333333,0,0,0,4.68333333333333,0.755555555555556
"2017-06-10 MR Beaudreau",2017-06-10,161,2017,6,"Jun_1","MR","Black","Black",0,0,0,0,0,0,0.283333333333333,0,0,0,0,0,0,5.84444444444444,0,0,0.266666666666667,0,0,0.133333333333333,0,4.91111111111111,0,0,1.57777777777778,0,0.0666666666666667,0,0,0,13.0833333333333,0.966666666666667
"2017-06-10 MR Beaudreau",2017-06-10,161,2017,6,"Jun_1","MR","White","White",0,0,0,0,0,0.0666666666666667,0,0,0,0,0,0,0,13.1333333333333,0.0666666666666667,0,0.0666666666666667,0,0,0.466666666666667,0,8.33333333333333,0,0,4.53333333333333,0,0.133333333333333,0,0,0,26.8,0.933333333333333
"2017-06-11 ShC Beaudreau",2017-06-11,162,2017,6,"Jun_1","ShC","Black","Black",0,0,0,0,0,0,0,0,0,0,0,0,0,2.6,0,0,0,0,0,0,0,10,0,0,4.6,0,6.4,0,0,0,23.6,0.8
"2017-06-11 ShC Beaudreau",2017-06-11,162,2017,6,"Jun_1","ShC","White","White",0,0,0,0,0,0,0,0,0,0,0,0,0,2.61666666666667,0,0,0.333333333333333,0,0,0,0,23.5,0,0,0.75,0,2.78333333333333,0,0,0,29.9833333333333,0.866666666666667
"2017-06-23 ER Beaudreau",2017-06-23,174,2017,6,"Jun_2","ER","Black","Black",0,0,0,0,0,0,0,0,0,0,0,0.466666666666667,0.666666666666667,11.4666666666667,0,0,0.133333333333333,0,0,0,0,1.2,0,0,17.8,0,2.4,0,0,0,34.1333333333333,1.26666666666667
"2017-06-23 ER Beaudreau",2017-06-23,174,2017,6,"Jun_2","ER","White","White",0,0,0,0,0,0,0,0,0,0,0,0,0,8.7,0,0,0,0,0,0,0,0,0,0,1.9,0,1.3,0,0,0,11.9,0.5
"2017-06-24 CC Beaudreau",2017-06-24,175,2017,6,"Jun_2","CC","Black","Black",0.416666666666667,0,0,0,0,0,0.25,0,0,0,0,0,0.833333333333333,6.91666666666667,0.333333333333333,0,0,0,0,0,0,0.166666666666667,0,0.0833333333333333,26.1666666666667,0,2.58333333333333,0,0,0,37.75,1.41666666666667
"2017-06-24 CC Beaudreau",2017-06-24,175,2017,6,"Jun_2","CC","White","White",0,0,0,0,0,0,0,0,0.125,0,0,0,0.5,8.1,0.25,0,0,0,0,0,0,0,0,0.125,9.325,0,0.9,0,0,0,19.325,1.175
"2017-06-25 MR Beaudreau",2017-06-25,176,2017,6,"Jun_2","MR","Black","Black",0,0,0,0,0,0,0.222222222222222,0,0.0833333333333333,0.0555555555555556,0,0,0,12.7222222222222,0.0833333333333333,0,0,0,0,0.805555555555556,0,0.361111111111111,0,0.0833333333333333,1.75,0,0,0,0,0,16.1666666666667,1.11111111111111
"2017-06-25 MR Beaudreau",2017-06-25,176,2017,6,"Jun_2","MR","White","White",0,0,0,0,0,0,0.0666666666666667,0,0,0,0,0,0,20.2666666666667,0,0,0.0666666666666667,0,0,0.133333333333333,0,0,0,0,2.46666666666667,0,0.0666666666666667,0,0,0,23.0666666666667,0.6
"2017-06-26 ShC Beaudreau",2017-06-26,177,2017,6,"Jun_2","ShC","Black","Black",0,0,0,0,0,0.0666666666666667,0,0,0,0,0,0,0.166666666666667,4.93333333333333,0,0,1.25,0,0,0,0,1.83333333333333,0,0,3.16666666666667,0,0.5,0,0,0,11.9166666666667,1.1
"2017-06-26 ShC Beaudreau",2017-06-26,177,2017,6,"Jun_2","ShC","White","White",0,0,0,0,0,0,0,0,0,0,0,0,0,3.325,0.475,0,0,0,0,0,0,0.975,0,0,1,0,0.775,0,0,0,6.55,1.125
"2017-07-08 CC Beaudreau",2017-07-08,189,2017,7,"Jul_1","CC","Black","Black",1.13333333333333,0.0666666666666667,0,0,0,0,0,0,0,0,0,0,1.2,3.06666666666667,0,0,0,0,0,0,0,0.0666666666666667,0,0,5.4,0,0.8,0,0,0,11.7333333333333,1
"2017-07-08 CC Beaudreau",2017-07-08,189,2017,7,"Jul_1","CC","White","White",0.3,0,0,0,0,0,0,0.0333333333333333,0,0,0,0,0,1,0,0,0,0,0,0,0,0,0,0,0.466666666666667,0,0.133333333333333,0,0,0,1.93333333333333,0.566666666666667
"2017-07-09 ER Beaudreau",2017-07-09,190,2017,7,"Jul_1","ER","White","White",0,0,0,0,0,0,0,0,0,0,0,0,0.429166666666667,1.9,0.0208333333333333,0,0.0416666666666667,0,0,0,0,0.138888888888889,0,0,2.06666666666667,0,0.163888888888889,0,0,0,4.76111111111111,0.508333333333333
"2017-07-10 MR Beaudreau",2017-07-10,191,2017,7,"Jul_1","MR","Black","Black",0,0,0,0,0,0.166666666666667,0.166666666666667,0,0.0555555555555556,0,0,0.222222222222222,0,3.75555555555556,0,0,0,0,0,0,0,2.65555555555556,0,0.0666666666666667,1.57777777777778,0,0.188888888888889,0,0,0,8.85555555555556,1.04444444444444
"2017-07-10 MR Beaudreau",2017-07-10,191,2017,7,"Jul_1","MR","White","White",0,0,0,0,0,0,0,0,0,0,0,0,0,1.5,0,0,0,0,0,0,0,6.1,0,0,2.5,0,0.2,0,0,0,10.3,0.7
"2017-07-11 ShC Beaudreau",2017-07-11,192,2017,7,"Jul_1","ShC","Black","Black",0,0,0,0,0,0,0.166666666666667,0,0,0,0,0.166666666666667,0.111111111111111,4.02777777777778,0.416666666666667,0,0.694444444444444,0,0,2.19444444444444,0,0.166666666666667,0,0.0833333333333333,3.33333333333333,0,0,0,0,0,11.3611111111111,1.25
"2017-07-11 ShC Beaudreau",2017-07-11,192,2017,7,"Jul_1","ShC","White","White",0,0,0,0,0,0,0,0,0,0,0,0,0.277777777777778,2.38888888888889,0.0555555555555556,0,0,0,0,0,0,0,0,0.222222222222222,0.833333333333333,0,0.666666666666667,0,0,0,4.44444444444444,0.777777777777778
"2017-08-07 ER Beaudreau",2017-08-07,219,2017,8,"Aug_1","ER","Black","Black",0.0555555555555556,0,0,0,0,0,0,0,0,0,0,0,0.0555555555555556,7.22222222222222,0.0555555555555556,0,0,0,0,0.0555555555555556,0,0.222222222222222,0,0,10.3333333333333,0,0.0555555555555556,0,0,0,18.0555555555556,0.777777777777778
"2017-08-07 ER Beaudreau",2017-08-07,219,2017,8,"Aug_1","ER","White","White",0,0,0,0,0,0,0,0,0,0,0,0,0,5.37301587301587,0,0,0,0,0,0,0,0.206349206349206,0,0,9.15873015873016,0,0,0,0,0,14.7380952380952,0.365079365079365
"2017-08-08 CC Beaudreau",2017-08-08,220,2017,8,"Aug_1","CC","Black","Black",0.25,0,0,0,0,0,0.0555555555555556,0,0,0,0,0,0.805555555555556,1.07777777777778,0,0,0,0,0,0.0833333333333333,0,0,0,0.0833333333333333,8.46666666666667,0,0,0,0,0,10.8222222222222,0.855555555555556
"2017-08-08 CC Beaudreau",2017-08-08,220,2017,8,"Aug_1","CC","White","White",0.0555555555555556,0,0,0,0,0,0,0,0,0,0,0,0.111111111111111,1.28571428571429,0.0555555555555556,0,0,0,0,0,0,0,0,0,0.797619047619048,0,0,0,0,0,2.30555555555556,0.428571428571429
"2017-08-09 MR Beaudreau",2017-08-09,221,2017,8,"Aug_1","MR","Black","Black",0,0,0.333333333333333,0,0,0,0.133333333333333,0,0,0,0,0.655555555555556,0.0666666666666667,11.1444444444444,0,0,0,0,0,0,0,0.266666666666667,0,0.133333333333333,4.31111111111111,0,0,0,0,0,17.0444444444444,0.966666666666667
"2017-08-09 MR Beaudreau",2017-08-09,221,2017,8,"Aug_1","MR","White","White",0,0,0,0,0,0.277777777777778,0.111111111111111,0,0,0,0,0.944444444444445,0,18.1111111111111,0,0,0,0,0,0.111111111111111,0,0.277777777777778,0,0,0.722222222222222,0,0,0,0,0,20.5555555555556,0.611111111111111
"2017-08-10 ShC Beaudreau",2017-08-10,222,2017,8,"Aug_1","ShC","Black","Black",0,0,0,0,0,0,0,0,0,0,0,0,0.233333333333333,3,1.2,0,0,0,0,0,0,0.0833333333333333,0,0.0833333333333333,1.6,0,0,0,0,0,6.2,1.01666666666667
"2017-08-10 ShC Beaudreau",2017-08-10,222,2017,8,"Aug_1","ShC","White","White",0,0,0,0,0,0,0,0,0,0,0,0,0,1.3,0,0,0,0,0,0,0,0.0666666666666667,0,0,0.733333333333333,0,0.0666666666666667,0,0,0,2.16666666666667,0.416666666666667
"2017-09-04 CC Beaudreau",2017-09-04,247,2017,9,"Sep_1","CC","Black","Black",2.2625,0.1,0.4625,0,0,0,0,0,0,0,0,0,1.45,2.475,0,0,0,0,0,0,0,0,0,0,9.4,0,0.1,0,0,0,16.25,1.0125
"2017-09-04 CC Beaudreau",2017-09-04,247,2017,9,"Sep_1","CC","White","White",0.428571428571429,0.1,0,0,0,0,0.214285714285714,0,0,0,0,0,1.15714285714286,1.32857142857143,0,0,0,0,0,0,0,0,0,0,13.3857142857143,0,0.0714285714285714,0,0,0,16.6857142857143,0.828571428571429
"2017-09-05 ER Beaudreau",2017-09-05,248,2017,9,"Sep_1","ER","Black","Black",0.166666666666667,0,0,0,0,0.416666666666667,0,0.166666666666667,0,0,0,0.666666666666667,4.91666666666667,9.66666666666667,0,0,0,0,0,0.0833333333333333,0,0.0833333333333333,0,0,9.75,0,0.0833333333333333,0,0,0,26,1.25
"2017-09-05 ER Beaudreau",2017-09-05,248,2017,9,"Sep_1","ER","White","White",0.0833333333333333,0,0,0,0,0,0,0,0,0,0,0.0833333333333333,1,3.20833333333333,0,0,0,0,0,0,0,0.0833333333333333,0,0,3.54166666666667,0,0,0,0,0,8,0.875
"2017-09-06 MR Beaudreau",2017-09-06,249,2017,9,"Sep_1","MR","Black","Black",0.75,0,0.2,0,0,0,0.2,0,0,0,0,0,0,6.25,0,0,0,0,0,0.0666666666666667,0,0.166666666666667,0,0,4.51666666666667,0,0,0,0,0,12.15,1
"2017-09-06 MR Beaudreau",2017-09-06,249,2017,9,"Sep_1","MR","White","White",0,0,0.1,0,0,0,0.0714285714285714,0,0,0,0,0,0,5.18571428571429,0,0,0.1,0,0,0.242857142857143,0,0.0714285714285714,0,0,4.97142857142857,0,0,0,0,0,10.7428571428571,0.857142857142857
"2017-09-07 ShC Beaudreau",2017-09-07,250,2017,9,"Sep_1","ShC","Black","Black",0,0,0,0,0,0.0555555555555556,0,0,0,0,0,0.333333333333333,0.366666666666667,6.46111111111111,0,0,0,0,0,0.0833333333333333,0,0.466666666666667,0,0,1.74444444444444,0,0,0,0,0,9.51111111111111,0.888888888888889
"2017-09-07 ShC Beaudreau",2017-09-07,250,2017,9,"Sep_1","ShC","White","White",0,0,0,0,0,0,0,0,0,0,0,0,0,8.13333333333333,0,0,0,0,0,0,0,0.0666666666666667,0,0,0.366666666666667,0,0,0,0,0,8.56666666666667,0.416666666666667
"2019-04-05 ShC Beaudreau",2019-04-05,95,2019,4,"Apr_1","ShC","White","White",0,0,0,0,0,0,0,0,0,0,0,0,0,0.776190476190476,0,0,0,0,0,0.0238095238095238,0,0.142857142857143,0,0,0.333333333333333,0,0.0476190476190476,0,0,0,1.32380952380952,0.333333333333333
"2019-04-06 CC Beaudreau",2019-04-06,96,2019,4,"Apr_1","CC","White","White",0,0.0277777777777778,0,0,0,0.0555555555555556,0,0,0,0,0,0,0,0.277777777777778,0,0,0,0,0,0,0,0.268518518518518,0,0.0462962962962963,0.451851851851852,0,0,0,0,0,1.12777777777778,0.4
"2019-04-07 LC Beaudreau",2019-04-07,97,2019,4,"Apr_1","LC","White","White",0,0,0,0,0,0,0,0,0.111610215044805,0,0,0,0,3.84077784248164,0,0,0,0,0,0,0,2.40056236515636,0,0,2.05244624874694,0,0,0,0,0,8.40539667142975,0.83808944083861
"2019-04-08 MR Beaudreau",2019-04-08,98,2019,4,"Apr_1","MR","White","White",0,0,0,0,0,0.280062499246578,0.133500422165933,0,0,0,0,0,0.0523076923076923,0.269759303014278,0,0,0,0,0,0.0573870573870574,0,3.48187407290628,0,0,0.0801670888326001,0,0.0288850375505488,0,0,0,4.38394317341097,0.600527225365607
"2019-04-09 ER Beaudreau",2019-04-09,99,2019,4,"Apr_1","ER","White","White",0.0258732212160414,0,0,0,0,0,0,0,0,0,0,1.1901681759379,0.159548191748111,0.309138497307716,0,0,0,0,0,0,0,0.630229895541376,0,0,0.132407514009085,0,0,0,0,0,2.44736549576024,0.421968608851846
"2019-05-03 ER Beaudreau",2019-05-03,123,2019,5,"May_1","ER","White","White",0,0,0,0,0,0,0,0,0,0,0.0295420974889217,0.295420974889217,0.486420670703087,0.84706122606783,0,0,0,0,0,0,0,2.09599257506995,0,0,0.250842561833218,0,0.0543305504302234,0,0,0,4.05961065648244,0.591836789460258
"2019-05-04 CC Beaudreau",2019-05-04,124,2019,5,"May_1","CC","White","White",0,0,0,0,0,0,0,0,0,0,0.047191901014741,0.0912802582599654,0.406916306371038,0.239775603812435,0,0,0,0,0,0,0,0.231580409712533,0,0,0.660000562736397,0,0.0265392781316348,0,0,0,1.70328432003874,0.608037986035244
"2019-05-05 ShC Beaudreau",2019-05-05,125,2019,5,"May_1","ShC","White","White",0,0,0,0,0,0,0.312028434245807,0,0.0695652173913043,0,0,0,0.54808182548445,1.25332958454291,0.307681868033115,0,0,0,0,0,0,5.41731536005848,0,0,1.75314901508525,0,0,0,0,0,9.66115130484131,0.74227895471726
"2019-05-06 MR Beaudreau",2019-05-06,126,2019,5,"May_1","MR","White","White",0.0353107344632768,0,0,0,0,0,0.330464534046118,0,0,0,0.824100220651329,0,0.734717960698187,2.01315269626058,0,0,0.0657243597674131,0,0,0.49431476149956,0.0643974127646148,13.1012895663369,0,0.183551107756097,0.661590003703918,0,0,0,0,0,18.508613357948,1.21267622313278
"2019-05-07 LC Beaudreau",2019-05-07,127,2019,5,"May_1","LC","White","White",0,0,0,0,0,0,0,0,0.0611620795107034,0,0,0,0,7.55220386319665,0,0,0,0,0,0,0,1.40382653061224,0,0,2.72922829682332,0,0,0,0,0,11.7464207701429,0.741904605879049
"2019-06-01 LC Beaudreau",2019-06-01,152,2019,6,"Jun_1","LC","White","White",0,0,0,0,0,0,0,0,0.111111111111111,0,0,0,0,30.1053899911402,0,0,0,0,0,0,0,12.304368651428,0,0,2.87452469112991,0,0,0,0,0,45.3953944448093,0.984159123093038
"2019-06-02 ER Beaudreau",2019-06-02,153,2019,6,"Jun_1","ER","White","White",0.0210172341319882,0,0,0,0,0,0,0,0,0,0.0458135267334298,0.0422486566372961,0.0422486566372961,4.30217383033525,0,0,0.513540006661548,0,0,0,0,3.91085670745413,0,0.0210172341319882,0.533575446214469,0,0.0625976824903952,0,0,0,9.49508898142779,0.713323428484104
"2019-06-03 CC Beaudreau",2019-06-03,154,2019,6,"Jun_1","CC","White","White",0,0.630213475608213,0,0,0,0,0,0,0,0,0,0,0.0531632110579479,2.76418360426985,0,0,0,0,0,0,0,2.28173798651251,0,0.104546403888509,0.39051885759954,0,1.72512563206803,0,0.026581605528974,0,7.97607077653357,0.643506397601591
"2019-06-04 ShC Beaudreau",2019-06-04,155,2019,6,"Jun_1","ShC","White","White",0,0,0,0,0,0.105962466547879,0.0297619047619048,0,0.0372856077554064,0,0,0,1.15475364362143,0.527034201620724,0,0,0,0,0,0,0,9.82391649189956,0,0,0.957504458241277,0,1.29069670007085,0,0,0,13.926915474519,0.993720764548195
"2019-06-05 MR Beaudreau",2019-06-05,156,2019,6,"Jun_1","MR","White","White",0,0,0,0,0,0,0,0,0,0,0.255102040816327,0.0613831137468971,2.47952072223941,3.01984474756534,0,0,1.49971663924749,0,0,0.0283446712018141,0.0283446712018141,0.752132766769201,0,0,0.11817517967639,0,0,0,0,0,8.24256455246468,0.834153527605618
"2019-06-30 LC Beaudreau",2019-06-30,181,2019,6,"Jun_2","LC","White","White",0,0,0,0,0,0,0,0,0,0,0,0,0,45.7487173877066,0,0,0,0,0,0,0,0.282051282051282,0,0,1.94298441229849,0,0,0,0,0,47.9737530820563,0.872065559791192
"2019-07-01 ER Beaudreau",2019-07-01,182,2019,7,"Jun_2","ER","White","White",0,0.0837053571428571,0,0.0197589409207666,0,0,0,0,0,0,0,0,0,2.15105937111536,0,0.0222172850477672,0.0197589409207666,0,0,0.0616806594660708,0,0.149816248338416,0,0,1.49504017858069,0,0.159982238438234,0,0,0,4.16301921997092,0.494917291838387
"2019-07-02 ShC Beaudreau",2019-07-02,183,2019,7,"Jun_2","ShC","White","White",0,0,0,0,0,0,0,0,0,0,0,0,0.0340136054421769,1.90486536482865,1.1402163985536,0,0,0,0,0,0,0.592269873703265,0,0,0.352967279006006,0,0.146520146520146,0,0,0,4.17085266805384,0.662728924286369
"2019-07-03 MR Beaudreau",2019-07-03,184,2019,7,"Jun_2","MR","White","White",0.0363901018922853,0,0,0,0,0,0.0686273681721048,0,0.0311526479750779,0,0,0,0.157604412923562,24.6935853597323,0.0311526479750779,0,0,0,0,0.10501747006439,0,0.0793002831380564,0,0,1.29673118369774,0,0.0311526479750779,0,0,0,26.5307141235457,0.75413960539083
"2019-07-04 CC Beaudreau",2019-07-04,185,2019,7,"Jun_2","CC","White","White",0.0221336874723329,0.0175438596491228,0,0,0,0,0.0221336874723329,0,0.0396775471214557,0,0.0175438596491228,0,0,4.24602453166719,0.0221336874723329,0.0350877192982456,0.0923091260688241,0,0,1.0362030074783,0,0,0,0.728111748565727,0.626073275782732,0,0.324641418259451,0,0,0,7.22961715595717,0.680550518460273
"2019-08-01 MR Beaudreau",2019-08-01,213,2019,8,"Aug_1","MR","White","White",0,0,0,0,0,0.906468062265164,0,0,0,0,0,0.0308641975308642,0,18.6909635641606,0.222684222684223,0,0,0,0,0,0,0.361273844087896,0,0,0.94541768907124,0,0,0,0,0,21.1576715798,0.691998797101327
"2019-08-02 ER Beaudreau",2019-08-02,214,2019,8,"Aug_1","ER","White","White",0,0,0,0,0,0.402549462848861,0,0,0,0,0,0,0,13.9131977331946,0.200112691130149,0,0,0,0.0268024658268561,0,0,0,0,0.0352733686067019,0.971008880061191,0,0,0,0,0,15.5489446016684,0.501534370918363
"2019-08-03 LC Beaudreau",2019-08-03,215,2019,8,"Aug_1","LC","White","White",0,0,0,0,0,0.157728706624606,0,0,0,0,0,0,0,4.25199673973322,0,0,0,0,0,0,0,0,0,0,0.747104101189648,0,0,0,0,0,5.15682954754748,0.722096860480353
"2019-08-04 CC Beaudreau",2019-08-04,216,2019,8,"Aug_1","CC","White","White",0,0,0,0,0,0,0.206387485326392,0,0,0,0,0.0267952840300107,0.0228310502283105,1.43894957738632,0.0863190935538202,0,0,0,0,0.10616036339509,0,0,0,0,0.710964995584461,0,0.0565571887919155,0,0,0,2.65496503829632,0.526213728365318
"2019-08-05 ShC Beaudreau",2019-08-05,217,2019,8,"Aug_1","ShC","White","White",0,0,0,0,0,0,0,0,0,0,0,0,0,3.47528627551822,0,0.0341530054644809,0,0,0,0.268266702658256,0,0.0931098696461825,0,0,0.588681366589011,0,0.293303355364984,0,0,0,4.75280057524113,0.637861540694093
"2019-08-30 LC Beaudreau",2019-08-30,242,2019,8,"Aug_2","LC","White","White",0,0,0,0,0,0,0,0,0.250298614429049,0,0,0,0,0.294750835212068,0,0.0416666666666667,0,0,0,0,0,0,0,0,1.29833841972212,0,0,0,0,0,1.8850545360299,0.797600817653719
"2019-08-31 ER Beaudreau",2019-08-31,243,2019,8,"Aug_2","ER","White","White",0.0233754090696587,0.029086678301338,0,0,0,0,0,0,0,0,0,0,0,17.4667643074202,0.0764897875797123,0,0,0,0,0,0,0,0,0,1.05333086543432,0,0,0,0,0,18.6490470478052,0.424642312546271
"2019-09-01 CC Beaudreau",2019-09-01,244,2019,9,"Aug_2","CC","White","White",0.0666666666666667,0,0,0,0,0,0,0,0,0,0,0,0,0.205731679757665,0.0666666666666667,0,0,0,0,0.0666666666666667,0,0,0,0,0.688614710536063,0,0,0,0,0,1.09434639029373,0.367223664927248
"2019-09-02 MR Beaudreau",2019-09-02,245,2019,9,"Aug_2","MR","White","White",0,0,0,0,0,0,0.0245098039215686,0,0,0,0,0.0490196078431373,0,6.38226109076258,0,0,0,0,0,0,0,0,0,0,0.89380148552549,0,0,0,0,0,7.34959198805278,0.336401013483521
"2019-09-03 ShC Beaudreau",2019-09-03,246,2019,9,"Aug_2","ShC","White","White",0.0289855072463768,0,0,0,0,0,0,0,0,0,0,0,0,4.16425795577678,0.0735835172921266,0,0,0,0,0,0,0.040650406504065,0,0,0.463888089068049,0,0,0,0,0,4.7713654758874,0.394743205137048
